2023-09-06T15:28:11.075+09:00,tigerfriend,IdeState,Inactive,,,,,-1,-1,
2023-09-06T15:28:12.224+09:00,tigerfriend,IdeState,Inactive,,,,,-1,-1,
2023-09-06T15:28:13.300+09:00,tigerfriend,IdeState,Inactive,,,,,-1,-1,
2023-09-06T15:28:14.305+09:00,tigerfriend,IdeState,Inactive,,,,,-1,-1,
2023-09-06T15:28:15.311+09:00,tigerfriend,IdeState,Inactive,,,,,-1,-1,
2023-09-06T15:28:16.316+09:00,tigerfriend,IdeState,Inactive,,,,,-1,-1,
2023-09-06T15:28:17.318+09:00,tigerfriend,IdeState,Inactive,,,,,-1,-1,
2023-09-06T15:28:18.319+09:00,tigerfriend,IdeState,Inactive,,,,,-1,-1,
2023-09-06T15:28:19.324+09:00,tigerfriend,IdeState,Inactive,,,,,-1,-1,
2023-09-06T15:28:20.330+09:00,tigerfriend,IdeState,Inactive,,,,,-1,-1,
2023-09-06T15:28:21.336+09:00,tigerfriend,IdeState,Inactive,,,,,-1,-1,
2023-09-06T15:28:22.338+09:00,tigerfriend,IdeState,Inactive,,,,,-1,-1,
2023-09-06T15:28:23.344+09:00,tigerfriend,IdeState,Inactive,,,,,-1,-1,
2023-09-06T15:28:24.350+09:00,tigerfriend,IdeState,Inactive,,,,,-1,-1,
2023-09-06T15:28:25.354+09:00,tigerfriend,IdeState,Inactive,,,,,-1,-1,
2023-09-06T15:28:26.361+09:00,tigerfriend,IdeState,Inactive,,,,,-1,-1,
2023-09-06T15:28:27.366+09:00,tigerfriend,IdeState,Inactive,,,,,-1,-1,
2023-09-06T15:28:28.373+09:00,tigerfriend,IdeState,Inactive,,,,,-1,-1,
2023-09-06T15:28:29.378+09:00,tigerfriend,IdeState,Inactive,,,,,-1,-1,
2023-09-06T15:28:30.383+09:00,tigerfriend,IdeState,Inactive,,,,,-1,-1,
2023-09-06T15:28:31.389+09:00,tigerfriend,IdeState,Inactive,,,,,-1,-1,
2023-09-06T15:28:32.395+09:00,tigerfriend,IdeState,Inactive,,,,,-1,-1,
2023-09-06T15:28:33.401+09:00,tigerfriend,IdeState,Inactive,,,,,-1,-1,
2023-09-06T15:28:34.407+09:00,tigerfriend,IdeState,Inactive,,,,,-1,-1,
2023-09-06T15:28:35.440+09:00,tigerfriend,IdeState,Active,Type_Conversion,Editor,/Users/tigerfriend/Java_practice/Type_Conversion/src/Main.java,,4,1,변경
2023-09-06T15:28:36.497+09:00,tigerfriend,IdeState,Active,Type_Conversion,Popup,/Users/tigerfriend/Java_practice/Type_Conversion/src/Main.java,,4,1,변경
2023-09-06T15:28:37.503+09:00,tigerfriend,IdeState,Active,Type_Conversion,Popup,/Users/tigerfriend/Java_practice/Type_Conversion/src/Main.java,,4,1,변경
2023-09-06T15:28:38.509+09:00,tigerfriend,IdeState,Active,Type_Conversion,Popup,/Users/tigerfriend/Java_practice/Type_Conversion/src/Main.java,,4,1,변경
2023-09-06T15:28:39.515+09:00,tigerfriend,IdeState,Inactive,,,,,-1,-1,
2023-09-06T15:28:40.521+09:00,tigerfriend,IdeState,Inactive,,,,,-1,-1,
2023-09-06T15:28:41.524+09:00,tigerfriend,IdeState,Inactive,,,,,-1,-1,
2023-09-06T15:28:42.533+09:00,tigerfriend,IdeState,Inactive,,,,,-1,-1,
2023-09-06T15:28:43.539+09:00,tigerfriend,IdeState,Active,Type_Conversion,Popup,/Users/tigerfriend/Java_practice/Type_Conversion/src/Main.java,,4,1,변경
2023-09-06T15:28:44.540+09:00,tigerfriend,IdeState,Active,Type_Conversion,Popup,/Users/tigerfriend/Java_practice/Type_Conversion/src/Main.java,,4,1,변경
2023-09-06T15:28:45.541+09:00,tigerfriend,IdeState,Active,Type_Conversion,Popup,/Users/tigerfriend/Java_practice/Type_Conversion/src/Main.java,,4,1,변경
2023-09-06T15:28:46.542+09:00,tigerfriend,IdeState,Active,Type_Conversion,Popup,/Users/tigerfriend/Java_practice/Type_Conversion/src/Main.java,,4,1,변경
2023-09-06T15:28:47.546+09:00,tigerfriend,IdeState,Active,Type_Conversion,Popup,/Users/tigerfriend/Java_practice/Type_Conversion/src/Main.java,,4,1,변경
2023-09-06T15:28:48.552+09:00,tigerfriend,IdeState,Inactive,,,,,-1,-1,
2023-09-06T15:28:49.557+09:00,tigerfriend,IdeState,Active,Type_Conversion,Editor,/Users/tigerfriend/Java_practice/Type_Conversion/src/Main.java,,4,1,변경
2023-09-06T15:28:50.560+09:00,tigerfriend,IdeState,Inactive,,,,,-1,-1,
2023-09-06T15:28:51.562+09:00,tigerfriend,IdeState,Inactive,,,,,-1,-1,
2023-09-06T15:28:52.564+09:00,tigerfriend,IdeState,Inactive,,,,,-1,-1,
2023-09-06T15:28:53.565+09:00,tigerfriend,IdeState,Inactive,,,,,-1,-1,
2023-09-06T15:28:54.571+09:00,tigerfriend,IdeState,Inactive,,,,,-1,-1,
2023-09-06T15:28:55.578+09:00,tigerfriend,IdeState,Inactive,,,,,-1,-1,
2023-09-06T15:28:56.584+09:00,tigerfriend,IdeState,Inactive,,,,,-1,-1,
2023-09-06T15:28:57.588+09:00,tigerfriend,IdeState,Inactive,,,,,-1,-1,
2023-09-06T15:28:58.593+09:00,tigerfriend,IdeState,Active,Type_Conversion,Editor,/Users/tigerfriend/Java_practice/Type_Conversion/src/Main.java,,4,1,변경
2023-09-06T15:28:59.599+09:00,tigerfriend,IdeState,Active,Type_Conversion,Popup,/Users/tigerfriend/Java_practice/Type_Conversion/src/Main.java,,4,1,변경
2023-09-06T15:29:00.600+09:00,tigerfriend,IdeState,Active,Type_Conversion,Popup,/Users/tigerfriend/Java_practice/Type_Conversion/src/Main.java,,4,1,변경
2023-09-06T15:30:40.828+09:00,tigerfriend,Action,Run,Type_Conversion,Editor,/Users/tigerfriend/Java_practice/Type_Conversion/src/Main.java,,2,36,변경
2023-09-06T15:30:42.621+09:00,tigerfriend,Execution,Run:'애플리케이션: Main':/Library/Java/JavaVirtualMachines/jdk-17.jdk/Contents/Home/bin/java -javaagent:/Applications/IntelliJ IDEA.app/Contents/lib/idea_rt.jar=51601:/Applications/IntelliJ IDEA.app/Contents/bin -Dfile.encoding=UTF-8 -classpath /Users/tigerfriend/Java_practice/Type_Conversion/out/production/Type_Conversion Main,Type_Conversion,Editor,/Users/tigerfriend/Java_practice/Type_Conversion/src/Main.java,,2,36,변경
2023-09-06T15:30:46.724+09:00,tigerfriend,Action,EditorBackSpace,Type_Conversion,Editor,/Users/tigerfriend/Java_practice/Type_Conversion/src/Main.java,,2,28,변경
2023-09-06T15:30:49.115+09:00,tigerfriend,Action,$Undo,Type_Conversion,Editor,/Users/tigerfriend/Java_practice/Type_Conversion/src/Main.java,,2,28,변경
2023-09-06T15:30:51.588+09:00,tigerfriend,Action,EditorRight,Type_Conversion,Editor,/Users/tigerfriend/Java_practice/Type_Conversion/src/Main.java,,2,34,변경
2023-09-06T15:30:51.738+09:00,tigerfriend,Action,EditorRight,Type_Conversion,Editor,/Users/tigerfriend/Java_practice/Type_Conversion/src/Main.java,,2,35,변경
2023-09-06T15:30:51.920+09:00,tigerfriend,Action,EditorRight,Type_Conversion,Editor,/Users/tigerfriend/Java_practice/Type_Conversion/src/Main.java,,2,36,변경
2023-09-06T15:30:52.057+09:00,tigerfriend,Action,EditorRight,Type_Conversion,Editor,/Users/tigerfriend/Java_practice/Type_Conversion/src/Main.java,,2,37,변경
2023-09-06T15:30:52.143+09:00,tigerfriend,Action,EditorRight,Type_Conversion,Editor,/Users/tigerfriend/Java_practice/Type_Conversion/src/Main.java,,2,38,변경
2023-09-06T15:30:52.233+09:00,tigerfriend,Action,EditorRight,Type_Conversion,Editor,/Users/tigerfriend/Java_practice/Type_Conversion/src/Main.java,,2,39,변경
2023-09-06T15:30:52.350+09:00,tigerfriend,Action,EditorRight,Type_Conversion,Editor,/Users/tigerfriend/Java_practice/Type_Conversion/src/Main.java,,2,40,변경
2023-09-06T15:30:52.940+09:00,tigerfriend,Action,EditorBackSpace,Type_Conversion,Editor,/Users/tigerfriend/Java_practice/Type_Conversion/src/Main.java,,2,41,변경
2023-09-06T15:30:57.824+09:00,tigerfriend,Action,EditorLeft,Type_Conversion,Editor,/Users/tigerfriend/Java_practice/Type_Conversion/src/Main.java,,2,41,변경
2023-09-06T15:31:01.531+09:00,tigerfriend,Action,Run,Type_Conversion,Editor,/Users/tigerfriend/Java_practice/Type_Conversion/src/Main.java,,2,50,변경
2023-09-06T15:31:02.456+09:00,tigerfriend,Execution,Run:'애플리케이션: Main':/Library/Java/JavaVirtualMachines/jdk-17.jdk/Contents/Home/bin/java -javaagent:/Applications/IntelliJ IDEA.app/Contents/lib/idea_rt.jar=51603:/Applications/IntelliJ IDEA.app/Contents/bin -Dfile.encoding=UTF-8 -classpath /Users/tigerfriend/Java_practice/Type_Conversion/out/production/Type_Conversion Main,Type_Conversion,Editor,/Users/tigerfriend/Java_practice/Type_Conversion/src/Main.java,,2,50,변경
2023-09-06T15:31:17.341+09:00,tigerfriend,Action,SaveAll,Type_Conversion,Editor,/Users/tigerfriend/Java_practice/Type_Conversion/src/Main.java,,4,1,변경
2023-09-06T15:31:30.602+09:00,tigerfriend,Action,RenameElement,Type_Conversion,Popup,/Users/tigerfriend/Java_practice/Type_Conversion/src/Main.java,,4,1,변경
2023-09-06T15:31:32.946+09:00,tigerfriend,Action,EditorBackSpace,Type_Conversion,Popup,/Users/tigerfriend/Java_practice/Type_Conversion/src/Main.java,,4,1,변경
2023-09-06T15:31:33.883+09:00,tigerfriend,Action,EditorBackSpace,Type_Conversion,Popup,/Users/tigerfriend/Java_practice/Type_Conversion/src/Main.java,,4,1,변경
2023-09-06T15:31:46.227+09:00,tigerfriend,Action,Run,Type_Conversion,Project,/Users/tigerfriend/Java_practice/Type_Conversion/src/HelloWorld.java,,4,1,변경
2023-09-06T15:31:46.759+09:00,tigerfriend,Execution,Run:'애플리케이션: HelloWorld':/Library/Java/JavaVirtualMachines/jdk-17.jdk/Contents/Home/bin/java -javaagent:/Applications/IntelliJ IDEA.app/Contents/lib/idea_rt.jar=51609:/Applications/IntelliJ IDEA.app/Contents/bin -Dfile.encoding=UTF-8 -classpath /Users/tigerfriend/Java_practice/Type_Conversion/out/production/Type_Conversion HelloWorld,Type_Conversion,Project,/Users/tigerfriend/Java_practice/Type_Conversion/src/HelloWorld.java,,4,1,변경
